time_slot,position_m,serving_mec,next_mec,handover_occurred,request_count,placement_node_ids,prewarm_target_node_ids,prewarm_start_count,prewarm_startup_overhead_ms,prewarm_hit_count,prewarm_waste_count,cold_start_count,warm_hit_count,expiration_count,transmission_delay_ms,cold_start_delay_ms,execution_delay_ms,end_to_end_delay_ms,deadline_met,warm_instance_count,warm_memory_mb
0,0.0,0,1,False,0,"[0, 0, 0]",[],0,0.0,0,0,0,0,0,0.0,0.0,0.0,0.0,,0,0.0
1,69.44,0,1,False,1,"[0, 0, 0]",[],0,0.0,0,0,3,0,0,0.0,1600.0,95.0,1695.0,False,3,1536.0
2,138.88,0,1,False,0,"[0, 0, 0]",[],0,0.0,0,0,0,0,0,0.0,0.0,0.0,0.0,,3,1536.0
3,208.32,0,1,False,2,"[0, 0, 0]",[],0,0.0,0,0,0,3,0,0.0,0.0,190.0,190.0,True,3,1536.0
4,277.76,0,1,False,1,"[0, 0, 0]",[],0,0.0,0,0,0,3,0,0.0,0.0,95.0,95.0,True,3,1536.0
5,347.2,0,1,False,0,"[0, 0, 0]",[],0,0.0,0,0,0,0,0,0.0,0.0,0.0,0.0,,3,1536.0
6,416.64,0,1,False,0,"[0, 0, 0]",[],0,0.0,0,0,0,0,0,0.0,0.0,0.0,0.0,,3,1536.0
7,486.08,0,1,False,3,"[0, 0, 0]",[],0,0.0,0,0,0,3,0,0.0,0.0,285.0,285.0,True,3,1536.0
8,555.52,0,1,False,0,"[0, 0, 0]",[],0,0.0,0,0,0,0,0,0.0,0.0,0.0,0.0,,3,1536.0
9,624.96,0,1,False,1,"[0, 0, 0]",[],0,0.0,0,0,0,3,0,0.0,0.0,95.0,95.0,True,3,1536.0
10,694.4000000000001,0,1,False,0,"[0, 0, 0]",[],0,0.0,0,0,0,0,0,0.0,0.0,0.0,0.0,,3,1536.0
11,763.8400000000001,0,1,False,1,"[0, 0, 0]",[],0,0.0,0,0,0,3,0,0.0,0.0,95.0,95.0,True,3,1536.0
12,833.2800000000002,0,1,False,0,"[0, 0, 0]",[],0,0.0,0,0,0,0,0,0.0,0.0,0.0,0.0,,3,1536.0
13,902.7200000000003,0,1,False,2,"[0, 0, 0]",[],0,0.0,0,0,0,3,0,0.0,0.0,190.0,190.0,True,3,1536.0
14,972.1600000000003,0,1,False,1,"[0, 0, 0]",[],0,0.0,0,0,0,3,0,0.0,0.0,95.0,95.0,True,3,1536.0
15,1041.6000000000004,1,2,True,0,"[1, 1, 1]",[],0,0.0,0,0,0,0,0,0.0,0.0,0.0,0.0,,3,1536.0
16,1111.0400000000004,1,2,False,0,"[1, 1, 1]",[],0,0.0,0,0,0,0,0,0.0,0.0,0.0,0.0,,3,1536.0
17,1180.4800000000005,1,2,False,3,"[1, 1, 1]",[],0,0.0,0,0,3,0,0,0.0,1600.0,285.0,1885.0,False,6,3072.0
18,1249.9200000000005,1,2,False,0,"[1, 1, 1]",[],0,0.0,0,0,0,0,0,0.0,0.0,0.0,0.0,,6,3072.0
19,1319.3600000000006,1,2,False,1,"[1, 1, 1]",[],0,0.0,0,0,0,3,3,0.0,0.0,95.0,95.0,True,3,1536.0
20,1388.8000000000006,1,2,False,0,"[1, 1, 1]",[],0,0.0,0,0,0,0,0,0.0,0.0,0.0,0.0,,3,1536.0
21,1458.2400000000007,1,2,False,1,"[1, 1, 1]",[],0,0.0,0,0,0,3,0,0.0,0.0,95.0,95.0,True,3,1536.0
22,1527.6800000000007,1,2,False,0,"[1, 1, 1]",[],0,0.0,0,0,0,0,0,0.0,0.0,0.0,0.0,,3,1536.0
23,1597.1200000000008,1,2,False,2,"[1, 1, 1]",[],0,0.0,0,0,0,3,0,0.0,0.0,190.0,190.0,True,3,1536.0
24,1666.5600000000009,1,2,False,1,"[1, 1, 1]",[],0,0.0,0,0,0,3,0,0.0,0.0,95.0,95.0,True,3,1536.0
25,1736.000000000001,1,2,False,0,"[1, 1, 1]",[],0,0.0,0,0,0,0,0,0.0,0.0,0.0,0.0,,3,1536.0
26,1805.440000000001,1,2,False,0,"[1, 1, 1]",[],0,0.0,0,0,0,0,0,0.0,0.0,0.0,0.0,,3,1536.0
27,1874.880000000001,1,2,False,3,"[1, 1, 1]",[],0,0.0,0,0,0,3,0,0.0,0.0,285.0,285.0,True,3,1536.0
28,1944.320000000001,1,2,False,0,"[1, 1, 1]",[],0,0.0,0,0,0,0,0,0.0,0.0,0.0,0.0,,3,1536.0
29,2013.7600000000011,1,2,False,1,"[1, 1, 1]",[],0,0.0,0,0,0,3,0,0.0,0.0,95.0,95.0,True,3,1536.0
30,2083.200000000001,1,2,False,0,"[1, 1, 1]",[],0,0.0,0,0,0,0,0,0.0,0.0,0.0,0.0,,3,1536.0
31,2152.6400000000012,1,2,False,1,"[1, 1, 1]",[],0,0.0,0,0,0,3,0,0.0,0.0,95.0,95.0,True,3,1536.0
32,2222.0800000000013,1,2,False,0,"[1, 1, 1]",[],0,0.0,0,0,0,0,0,0.0,0.0,0.0,0.0,,3,1536.0
33,2291.5200000000013,1,2,False,2,"[1, 1, 1]",[],0,0.0,0,0,0,3,0,0.0,0.0,190.0,190.0,True,3,1536.0
34,2360.9600000000014,1,2,False,1,"[1, 1, 1]",[],0,0.0,0,0,0,3,0,0.0,0.0,95.0,95.0,True,3,1536.0
35,2430.4000000000015,1,2,False,0,"[1, 1, 1]",[],0,0.0,0,0,0,0,0,0.0,0.0,0.0,0.0,,3,1536.0
36,2499.8400000000015,1,2,False,0,"[1, 1, 1]",[],0,0.0,0,0,0,0,0,0.0,0.0,0.0,0.0,,3,1536.0
37,2569.2800000000016,1,2,False,3,"[1, 1, 1]",[],0,0.0,0,0,0,3,0,0.0,0.0,285.0,285.0,True,3,1536.0
38,2638.7200000000016,1,2,False,0,"[1, 1, 1]",[],0,0.0,0,0,0,0,0,0.0,0.0,0.0,0.0,,3,1536.0
39,2708.1600000000017,1,2,False,1,"[1, 1, 1]",[],0,0.0,0,0,0,3,0,0.0,0.0,95.0,95.0,True,3,1536.0
40,2777.6000000000017,1,2,False,0,"[1, 1, 1]",[],0,0.0,0,0,0,0,0,0.0,0.0,0.0,0.0,,3,1536.0
41,2847.040000000002,1,2,False,1,"[1, 1, 1]",[],0,0.0,0,0,0,3,0,0.0,0.0,95.0,95.0,True,3,1536.0
42,2916.480000000002,1,2,False,0,"[1, 1, 1]",[],0,0.0,0,0,0,0,0,0.0,0.0,0.0,0.0,,3,1536.0
43,2985.920000000002,1,2,False,2,"[1, 1, 1]",[],0,0.0,0,0,0,3,0,0.0,0.0,190.0,190.0,True,3,1536.0
44,3055.360000000002,2,3,True,1,"[2, 2, 2]",[],0,0.0,0,0,3,0,0,0.0,1600.0,95.0,1695.0,False,6,3072.0
45,3124.800000000002,2,3,False,0,"[2, 2, 2]",[],0,0.0,0,0,0,0,0,0.0,0.0,0.0,0.0,,6,3072.0
46,3194.240000000002,2,3,False,0,"[2, 2, 2]",[],0,0.0,0,0,0,0,0,0.0,0.0,0.0,0.0,,6,3072.0
47,3263.680000000002,2,3,False,3,"[2, 2, 2]",[],0,0.0,0,0,0,3,0,0.0,0.0,285.0,285.0,True,6,3072.0
48,3333.120000000002,2,3,False,0,"[2, 2, 2]",[],0,0.0,0,0,0,0,3,0.0,0.0,0.0,0.0,,3,1536.0
49,3402.560000000002,2,3,False,1,"[2, 2, 2]",[],0,0.0,0,0,0,3,0,0.0,0.0,95.0,95.0,True,3,1536.0
50,3472.0000000000023,2,3,False,0,"[2, 2, 2]",[],0,0.0,0,0,0,0,0,0.0,0.0,0.0,0.0,,3,1536.0
51,3541.4400000000023,2,3,False,1,"[2, 2, 2]",[],0,0.0,0,0,0,3,0,0.0,0.0,95.0,95.0,True,3,1536.0
52,3610.8800000000024,2,3,False,0,"[2, 2, 2]",[],0,0.0,0,0,0,0,0,0.0,0.0,0.0,0.0,,3,1536.0
53,3680.3200000000024,2,3,False,2,"[2, 2, 2]",[],0,0.0,0,0,0,3,0,0.0,0.0,190.0,190.0,True,3,1536.0
54,3749.7600000000025,2,3,False,1,"[2, 2, 2]",[],0,0.0,0,0,0,3,0,0.0,0.0,95.0,95.0,True,3,1536.0
55,3819.2000000000025,2,3,False,0,"[2, 2, 2]",[],0,0.0,0,0,0,0,0,0.0,0.0,0.0,0.0,,3,1536.0
56,3888.6400000000026,2,3,False,0,"[2, 2, 2]",[],0,0.0,0,0,0,0,0,0.0,0.0,0.0,0.0,,3,1536.0
57,3958.0800000000027,2,3,False,3,"[2, 2, 2]",[],0,0.0,0,0,0,3,0,0.0,0.0,285.0,285.0,True,3,1536.0
58,4027.5200000000027,2,3,False,0,"[2, 2, 2]",[],0,0.0,0,0,0,0,0,0.0,0.0,0.0,0.0,,3,1536.0
59,4096.960000000003,2,3,False,1,"[2, 2, 2]",[],0,0.0,0,0,0,3,0,0.0,0.0,95.0,95.0,True,3,1536.0
60,4166.400000000002,2,3,False,0,"[2, 2, 2]",[],0,0.0,0,0,0,0,0,0.0,0.0,0.0,0.0,,3,1536.0
61,4235.840000000002,2,3,False,1,"[2, 2, 2]",[],0,0.0,0,0,0,3,0,0.0,0.0,95.0,95.0,True,3,1536.0
62,4305.280000000002,2,3,False,0,"[2, 2, 2]",[],0,0.0,0,0,0,0,0,0.0,0.0,0.0,0.0,,3,1536.0
63,4374.720000000001,2,3,False,2,"[2, 2, 2]",[],0,0.0,0,0,0,3,0,0.0,0.0,190.0,190.0,True,3,1536.0
64,4444.160000000001,2,3,False,1,"[2, 2, 2]",[],0,0.0,0,0,0,3,0,0.0,0.0,95.0,95.0,True,3,1536.0
65,4513.6,2,3,False,0,"[2, 2, 2]",[],0,0.0,0,0,0,0,0,0.0,0.0,0.0,0.0,,3,1536.0
66,4583.04,2,3,False,0,"[2, 2, 2]",[],0,0.0,0,0,0,0,0,0.0,0.0,0.0,0.0,,3,1536.0
67,4652.48,2,3,False,3,"[2, 2, 2]",[],0,0.0,0,0,0,3,0,0.0,0.0,285.0,285.0,True,3,1536.0
68,4721.919999999999,2,3,False,0,"[2, 2, 2]",[],0,0.0,0,0,0,0,0,0.0,0.0,0.0,0.0,,3,1536.0
69,4791.359999999999,2,3,False,1,"[2, 2, 2]",[],0,0.0,0,0,0,3,0,0.0,0.0,95.0,95.0,True,3,1536.0
70,4860.799999999998,2,3,False,0,"[2, 2, 2]",[],0,0.0,0,0,0,0,0,0.0,0.0,0.0,0.0,,3,1536.0
71,4930.239999999998,2,3,False,1,"[2, 2, 2]",[],0,0.0,0,0,0,3,0,0.0,0.0,95.0,95.0,True,3,1536.0
72,4999.679999999998,2,3,False,0,"[2, 2, 2]",[],0,0.0,0,0,0,0,0,0.0,0.0,0.0,0.0,,3,1536.0
73,5069.119999999997,3,4,True,2,"[3, 3, 3]",[],0,0.0,0,0,3,0,0,0.0,1600.0,190.0,1790.0,False,6,3072.0
74,5138.559999999997,3,4,False,1,"[3, 3, 3]",[],0,0.0,0,0,0,3,0,0.0,0.0,95.0,95.0,True,6,3072.0
75,5207.999999999996,3,4,False,0,"[3, 3, 3]",[],0,0.0,0,0,0,0,0,0.0,0.0,0.0,0.0,,6,3072.0
76,5277.439999999996,3,4,False,0,"[3, 3, 3]",[],0,0.0,0,0,0,0,3,0.0,0.0,0.0,0.0,,3,1536.0
77,5346.879999999996,3,4,False,3,"[3, 3, 3]",[],0,0.0,0,0,0,3,0,0.0,0.0,285.0,285.0,True,3,1536.0
78,5416.319999999995,3,4,False,0,"[3, 3, 3]",[],0,0.0,0,0,0,0,0,0.0,0.0,0.0,0.0,,3,1536.0
79,5485.759999999995,3,4,False,1,"[3, 3, 3]",[],0,0.0,0,0,0,3,0,0.0,0.0,95.0,95.0,True,3,1536.0
80,5555.199999999994,3,4,False,0,"[3, 3, 3]",[],0,0.0,0,0,0,0,0,0.0,0.0,0.0,0.0,,3,1536.0
81,5624.639999999994,3,4,False,1,"[3, 3, 3]",[],0,0.0,0,0,0,3,0,0.0,0.0,95.0,95.0,True,3,1536.0
82,5694.079999999994,3,4,False,0,"[3, 3, 3]",[],0,0.0,0,0,0,0,0,0.0,0.0,0.0,0.0,,3,1536.0
83,5763.519999999993,3,4,False,2,"[3, 3, 3]",[],0,0.0,0,0,0,3,0,0.0,0.0,190.0,190.0,True,3,1536.0
84,5832.959999999993,3,4,False,1,"[3, 3, 3]",[],0,0.0,0,0,0,3,0,0.0,0.0,95.0,95.0,True,3,1536.0
85,5902.399999999992,3,4,False,0,"[3, 3, 3]",[],0,0.0,0,0,0,0,0,0.0,0.0,0.0,0.0,,3,1536.0
86,5971.839999999992,3,4,False,0,"[3, 3, 3]",[],0,0.0,0,0,0,0,0,0.0,0.0,0.0,0.0,,3,1536.0
87,6041.279999999992,3,4,False,3,"[3, 3, 3]",[],0,0.0,0,0,0,3,0,0.0,0.0,285.0,285.0,True,3,1536.0
88,6110.719999999991,3,4,False,0,"[3, 3, 3]",[],0,0.0,0,0,0,0,0,0.0,0.0,0.0,0.0,,3,1536.0
89,6180.159999999991,3,4,False,1,"[3, 3, 3]",[],0,0.0,0,0,0,3,0,0.0,0.0,95.0,95.0,True,3,1536.0
90,6249.59999999999,3,4,False,0,"[3, 3, 3]",[],0,0.0,0,0,0,0,0,0.0,0.0,0.0,0.0,,3,1536.0
91,6319.03999999999,3,4,False,1,"[3, 3, 3]",[],0,0.0,0,0,0,3,0,0.0,0.0,95.0,95.0,True,3,1536.0
92,6388.47999999999,3,4,False,0,"[3, 3, 3]",[],0,0.0,0,0,0,0,0,0.0,0.0,0.0,0.0,,3,1536.0
93,6457.919999999989,3,4,False,2,"[3, 3, 3]",[],0,0.0,0,0,0,3,0,0.0,0.0,190.0,190.0,True,3,1536.0
94,6527.359999999989,3,4,False,1,"[3, 3, 3]",[],0,0.0,0,0,0,3,0,0.0,0.0,95.0,95.0,True,3,1536.0
95,6596.799999999988,3,4,False,0,"[3, 3, 3]",[],0,0.0,0,0,0,0,0,0.0,0.0,0.0,0.0,,3,1536.0
96,6666.239999999988,3,4,False,0,"[3, 3, 3]",[],0,0.0,0,0,0,0,0,0.0,0.0,0.0,0.0,,3,1536.0
97,6735.679999999988,3,4,False,3,"[3, 3, 3]",[],0,0.0,0,0,0,3,0,0.0,0.0,285.0,285.0,True,3,1536.0
98,6805.119999999987,3,4,False,0,"[3, 3, 3]",[],0,0.0,0,0,0,0,0,0.0,0.0,0.0,0.0,,3,1536.0
99,6874.559999999987,3,4,False,1,"[3, 3, 3]",[],0,0.0,0,0,0,3,0,0.0,0.0,95.0,95.0,True,3,1536.0
100,6943.999999999986,3,4,False,0,"[3, 3, 3]",[],0,0.0,0,0,0,0,0,0.0,0.0,0.0,0.0,,3,1536.0
101,7013.439999999986,4,4,True,1,"[4, 4, 4]",[],0,0.0,0,0,3,0,0,0.0,1600.0,95.0,1695.0,False,6,3072.0
102,7082.879999999986,4,4,False,0,"[4, 4, 4]",[],0,0.0,0,0,0,0,0,0.0,0.0,0.0,0.0,,6,3072.0
103,7152.319999999985,4,4,False,2,"[4, 4, 4]",[],0,0.0,0,0,0,3,0,0.0,0.0,190.0,190.0,True,6,3072.0
104,7221.759999999985,4,4,False,1,"[4, 4, 4]",[],0,0.0,0,0,0,3,3,0.0,0.0,95.0,95.0,True,3,1536.0
105,7291.199999999984,4,4,False,0,"[4, 4, 4]",[],0,0.0,0,0,0,0,0,0.0,0.0,0.0,0.0,,3,1536.0
106,7360.639999999984,4,4,False,0,"[4, 4, 4]",[],0,0.0,0,0,0,0,0,0.0,0.0,0.0,0.0,,3,1536.0
107,7430.079999999984,4,4,False,3,"[4, 4, 4]",[],0,0.0,0,0,0,3,0,0.0,0.0,285.0,285.0,True,3,1536.0
108,7499.519999999983,4,4,False,0,"[4, 4, 4]",[],0,0.0,0,0,0,0,0,0.0,0.0,0.0,0.0,,3,1536.0
109,7568.959999999983,4,4,False,1,"[4, 4, 4]",[],0,0.0,0,0,0,3,0,0.0,0.0,95.0,95.0,True,3,1536.0
110,7638.399999999982,4,4,False,0,"[4, 4, 4]",[],0,0.0,0,0,0,0,0,0.0,0.0,0.0,0.0,,3,1536.0
111,7707.839999999982,4,4,False,1,"[4, 4, 4]",[],0,0.0,0,0,0,3,0,0.0,0.0,95.0,95.0,True,3,1536.0
112,7777.279999999982,4,4,False,0,"[4, 4, 4]",[],0,0.0,0,0,0,0,0,0.0,0.0,0.0,0.0,,3,1536.0
113,7846.719999999981,4,4,False,2,"[4, 4, 4]",[],0,0.0,0,0,0,3,0,0.0,0.0,190.0,190.0,True,3,1536.0
114,7916.159999999981,4,4,False,1,"[4, 4, 4]",[],0,0.0,0,0,0,3,0,0.0,0.0,95.0,95.0,True,3,1536.0
115,7985.59999999998,4,4,False,0,"[4, 4, 4]",[],0,0.0,0,0,0,0,0,0.0,0.0,0.0,0.0,,3,1536.0
116,8000.0,4,4,False,0,"[4, 4, 4]",[],0,0.0,0,0,0,0,0,0.0,0.0,0.0,0.0,,3,1536.0
