scenario_name,run_index,random_seed,request_success_rate,sla_violation_rate,average_successful_batch_delay_ms,p95_successful_batch_delay_ms,average_active_memory_mb,peak_active_memory_mb,failover_batches,hot_failover_function_stages,cold_failover_function_stages,total_cold_backup_startup_delay_ms
single_replica,0,1000,0.9891304347826086,0.017241379310344827,151.66666666666666,285.0,1536.0,1536.0,0,0,0,0.0
cold_standby,0,1000,1.0,0.017241379310344827,179.66289655172415,285.0,1549.128205128205,3072.0,1,0,3,1600.0
hot_standby,0,1000,1.0,0.0,152.07668965517243,285.0,3072.0,3072.0,1,3,0,0.0
trajectory_dynamic,0,1000,1.0,0.017241379310344827,179.66289655172415,285.0,1706.6666666666667,3072.0,1,0,3,1600.0
single_replica,1,1001,1.0,0.0,150.68965517241378,285.0,1536.0,1536.0,0,0,0,0.0
cold_standby,1,1001,1.0,0.0,150.68965517241378,285.0,1536.0,1536.0,0,0,0,0.0
hot_standby,1,1001,1.0,0.0,150.68965517241378,285.0,3072.0,3072.0,0,0,0,0.0
trajectory_dynamic,1,1001,1.0,0.0,150.68965517241378,285.0,1693.5384615384614,3072.0,0,0,0,0.0
single_replica,2,1002,1.0,0.0,150.68965517241378,285.0,1536.0,1536.0,0,0,0,0.0
cold_standby,2,1002,1.0,0.0,150.68965517241378,285.0,1536.0,1536.0,0,0,0,0.0
hot_standby,2,1002,1.0,0.0,150.68965517241378,285.0,3072.0,3072.0,0,0,0,0.0
trajectory_dynamic,2,1002,1.0,0.0,150.68965517241378,285.0,1693.5384615384614,3072.0,0,0,0,0.0
single_replica,3,1003,1.0,0.0,150.68965517241378,285.0,1536.0,1536.0,0,0,0,0.0
cold_standby,3,1003,1.0,0.0,150.68965517241378,285.0,1536.0,1536.0,0,0,0,0.0
hot_standby,3,1003,1.0,0.0,150.68965517241378,285.0,3072.0,3072.0,0,0,0,0.0
trajectory_dynamic,3,1003,1.0,0.0,150.68965517241378,285.0,1693.5384615384614,3072.0,0,0,0,0.0
single_replica,4,1004,0.9782608695652174,0.017241379310344827,150.0,285.0,1536.0,1536.0,0,0,0,0.0
cold_standby,4,1004,1.0,0.017241379310344827,179.9464827586207,285.0,1549.128205128205,3072.0,1,0,3,1600.0
hot_standby,4,1004,1.0,0.0,152.360275862069,285.0,3072.0,3072.0,1,3,0,0.0
trajectory_dynamic,4,1004,1.0,0.017241379310344827,179.9464827586207,285.0,1706.6666666666667,3072.0,1,0,3,1600.0
single_replica,5,1005,0.9891304347826086,0.017241379310344827,151.66666666666666,285.0,1536.0,1536.0,0,0,0,0.0
cold_standby,5,1005,1.0,0.017241379310344827,179.66289655172415,285.0,1549.128205128205,3072.0,1,0,3,1600.0
hot_standby,5,1005,1.0,0.0,152.07668965517243,285.0,3072.0,3072.0,1,3,0,0.0
trajectory_dynamic,5,1005,1.0,0.017241379310344827,179.66289655172415,285.0,1706.6666666666667,3072.0,1,0,3,1600.0
single_replica,6,1006,1.0,0.0,150.68965517241378,285.0,1536.0,1536.0,0,0,0,0.0
cold_standby,6,1006,1.0,0.0,150.68965517241378,285.0,1536.0,1536.0,0,0,0,0.0
hot_standby,6,1006,1.0,0.0,150.68965517241378,285.0,3072.0,3072.0,0,0,0,0.0
trajectory_dynamic,6,1006,1.0,0.0,150.68965517241378,285.0,1693.5384615384614,3072.0,0,0,0,0.0
single_replica,7,1007,0.9239130434782609,0.05172413793103448,146.8181818181818,285.0,1536.0,1536.0,0,0,0,0.0
cold_standby,7,1007,1.0,0.05172413793103448,238.81268965517242,508.5671999999979,1575.3846153846155,3072.0,3,0,9,4800.0
hot_standby,7,1007,1.0,0.0,156.05406896551725,285.0,3072.0,3072.0,3,9,0,0.0
trajectory_dynamic,7,1007,1.0,0.034482758620689655,211.2264827586207,285.0,1719.7948717948718,3072.0,3,3,6,3200.0
single_replica,8,1008,1.0,0.0,150.68965517241378,285.0,1536.0,1536.0,0,0,0,0.0
cold_standby,8,1008,1.0,0.0,150.68965517241378,285.0,1536.0,1536.0,0,0,0,0.0
hot_standby,8,1008,1.0,0.0,150.68965517241378,285.0,3072.0,3072.0,0,0,0,0.0
trajectory_dynamic,8,1008,1.0,0.0,150.68965517241378,285.0,1693.5384615384614,3072.0,0,0,0,0.0
single_replica,9,1009,1.0,0.0,150.68965517241378,285.0,1536.0,1536.0,0,0,0,0.0
cold_standby,9,1009,1.0,0.0,150.68965517241378,285.0,1536.0,1536.0,0,0,0,0.0
hot_standby,9,1009,1.0,0.0,150.68965517241378,285.0,3072.0,3072.0,0,0,0,0.0
trajectory_dynamic,9,1009,1.0,0.0,150.68965517241378,285.0,1693.5384615384614,3072.0,0,0,0,0.0
single_replica,10,1010,0.967391304347826,0.034482758620689655,150.98214285714286,285.0,1536.0,1536.0,0,0,0,0.0
cold_standby,10,1010,1.0,0.034482758620689655,208.91972413793104,285.0,1562.2564102564102,3072.0,2,0,6,3200.0
hot_standby,10,1010,1.0,0.0,153.7473103448276,285.0,3072.0,3072.0,2,6,0,0.0
trajectory_dynamic,10,1010,1.0,0.034482758620689655,208.91972413793104,285.0,1719.7948717948718,3072.0,2,0,6,3200.0
single_replica,11,1011,0.9891304347826086,0.017241379310344827,151.66666666666666,285.0,1536.0,1536.0,0,0,0,0.0
cold_standby,11,1011,1.0,0.017241379310344827,179.66289655172415,285.0,1549.128205128205,3072.0,1,0,3,1600.0
hot_standby,11,1011,1.0,0.0,152.07668965517243,285.0,3072.0,3072.0,1,3,0,0.0
trajectory_dynamic,11,1011,1.0,0.017241379310344827,179.66289655172415,285.0,1706.6666666666667,3072.0,1,0,3,1600.0
single_replica,12,1012,0.9782608695652174,0.017241379310344827,150.0,285.0,1536.0,1536.0,0,0,0,0.0
cold_standby,12,1012,1.0,0.017241379310344827,179.9464827586207,285.0,1549.128205128205,3072.0,1,0,3,1600.0
hot_standby,12,1012,1.0,0.0,152.360275862069,285.0,3072.0,3072.0,1,3,0,0.0
trajectory_dynamic,12,1012,1.0,0.017241379310344827,179.9464827586207,285.0,1706.6666666666667,3072.0,1,0,3,1600.0
single_replica,13,1013,0.9565217391304348,0.034482758620689655,149.28571428571428,285.0,1536.0,1536.0,0,0,0,0.0
cold_standby,13,1013,1.0,0.034482758620689655,209.2033103448276,285.0,1562.2564102564102,3072.0,2,0,6,3200.0
hot_standby,13,1013,1.0,0.0,154.03089655172417,285.0,3072.0,3072.0,2,6,0,0.0
trajectory_dynamic,13,1013,1.0,0.034482758620689655,209.2033103448276,285.0,1719.7948717948718,3072.0,2,0,6,3200.0
single_replica,14,1014,1.0,0.0,150.68965517241378,285.0,1536.0,1536.0,0,0,0,0.0
cold_standby,14,1014,1.0,0.0,150.68965517241378,285.0,1536.0,1536.0,0,0,0,0.0
hot_standby,14,1014,1.0,0.0,150.68965517241378,285.0,3072.0,3072.0,0,0,0,0.0
trajectory_dynamic,14,1014,1.0,0.0,150.68965517241378,285.0,1693.5384615384614,3072.0,0,0,0,0.0
single_replica,15,1015,0.967391304347826,0.017241379310344827,148.33333333333334,285.0,1536.0,1536.0,0,0,0,0.0
cold_standby,15,1015,1.0,0.017241379310344827,180.23006896551726,285.0,1549.128205128205,3072.0,1,0,3,1600.0
hot_standby,15,1015,1.0,0.0,152.64386206896555,285.0,3072.0,3072.0,1,3,0,0.0
trajectory_dynamic,15,1015,1.0,0.017241379310344827,180.23006896551726,285.0,1706.6666666666667,3072.0,1,0,3,1600.0
single_replica,16,1016,0.9782608695652174,0.017241379310344827,150.0,285.0,1536.0,1536.0,0,0,0,0.0
cold_standby,16,1016,1.0,0.017241379310344827,179.9464827586207,285.0,1549.128205128205,3072.0,1,0,3,1600.0
hot_standby,16,1016,1.0,0.0,152.360275862069,285.0,3072.0,3072.0,1,3,0,0.0
trajectory_dynamic,16,1016,1.0,0.017241379310344827,179.9464827586207,285.0,1706.6666666666667,3072.0,1,0,3,1600.0
single_replica,17,1017,0.9782608695652174,0.017241379310344827,150.0,285.0,1536.0,1536.0,0,0,0,0.0
cold_standby,17,1017,1.0,0.017241379310344827,179.9464827586207,285.0,1549.128205128205,3072.0,1,0,3,1600.0
hot_standby,17,1017,1.0,0.0,152.360275862069,285.0,3072.0,3072.0,1,3,0,0.0
trajectory_dynamic,17,1017,1.0,0.017241379310344827,179.9464827586207,285.0,1706.6666666666667,3072.0,1,0,3,1600.0
single_replica,18,1018,0.9891304347826086,0.017241379310344827,151.66666666666666,285.0,1536.0,1536.0,0,0,0,0.0
cold_standby,18,1018,1.0,0.017241379310344827,179.66289655172415,285.0,1549.128205128205,3072.0,1,0,3,1600.0
hot_standby,18,1018,1.0,0.0,152.07668965517243,285.0,3072.0,3072.0,1,3,0,0.0
trajectory_dynamic,18,1018,1.0,0.017241379310344827,179.66289655172415,285.0,1706.6666666666667,3072.0,1,0,3,1600.0
single_replica,19,1019,1.0,0.0,150.68965517241378,285.0,1536.0,1536.0,0,0,0,0.0
cold_standby,19,1019,1.0,0.0,150.68965517241378,285.0,1536.0,1536.0,0,0,0,0.0
hot_standby,19,1019,1.0,0.0,150.68965517241378,285.0,3072.0,3072.0,0,0,0,0.0
trajectory_dynamic,19,1019,1.0,0.0,150.68965517241378,285.0,1693.5384615384614,3072.0,0,0,0,0.0
single_replica,20,1020,0.9347826086956522,0.05172413793103448,148.54545454545453,285.0,1536.0,1536.0,0,0,0,0.0
cold_standby,20,1020,1.0,0.05172413793103448,238.46013793103452,508.5671999999979,1575.3846153846155,3072.0,3,0,9,4800.0
hot_standby,20,1020,1.0,0.0,155.70151724137935,285.0,3072.0,3072.0,3,9,0,0.0
trajectory_dynamic,20,1020,1.0,0.05172413793103448,238.46013793103452,508.5671999999979,1732.923076923077,3072.0,3,0,9,4800.0
single_replica,21,1021,0.967391304347826,0.034482758620689655,150.98214285714286,285.0,1536.0,1536.0,0,0,0,0.0
cold_standby,21,1021,1.0,0.034482758620689655,208.91972413793104,285.0,1562.2564102564102,3072.0,2,0,6,3200.0
hot_standby,21,1021,1.0,0.0,153.7473103448276,285.0,3072.0,3072.0,2,6,0,0.0
trajectory_dynamic,21,1021,1.0,0.034482758620689655,208.91972413793104,285.0,1719.7948717948718,3072.0,2,0,6,3200.0
single_replica,22,1022,1.0,0.0,150.68965517241378,285.0,1536.0,1536.0,0,0,0,0.0
cold_standby,22,1022,1.0,0.0,150.68965517241378,285.0,1536.0,1536.0,0,0,0,0.0
hot_standby,22,1022,1.0,0.0,150.68965517241378,285.0,3072.0,3072.0,0,0,0,0.0
trajectory_dynamic,22,1022,1.0,0.0,150.68965517241378,285.0,1693.5384615384614,3072.0,0,0,0,0.0
single_replica,23,1023,0.9891304347826086,0.017241379310344827,151.66666666666666,285.0,1536.0,1536.0,0,0,0,0.0
cold_standby,23,1023,1.0,0.017241379310344827,179.66289655172415,285.0,1549.128205128205,3072.0,1,0,3,1600.0
hot_standby,23,1023,1.0,0.0,152.07668965517243,285.0,3072.0,3072.0,1,3,0,0.0
trajectory_dynamic,23,1023,1.0,0.017241379310344827,179.66289655172415,285.0,1706.6666666666667,3072.0,1,0,3,1600.0
single_replica,24,1024,1.0,0.0,150.68965517241378,285.0,1536.0,1536.0,0,0,0,0.0
cold_standby,24,1024,1.0,0.0,150.68965517241378,285.0,1536.0,1536.0,0,0,0,0.0
hot_standby,24,1024,1.0,0.0,150.68965517241378,285.0,3072.0,3072.0,0,0,0,0.0
trajectory_dynamic,24,1024,1.0,0.0,150.68965517241378,285.0,1693.5384615384614,3072.0,0,0,0,0.0
single_replica,25,1025,0.9347826086956522,0.06896551724137931,151.2962962962963,285.0,1536.0,1536.0,0,0,0,0.0
cold_standby,25,1025,1.0,0.06896551724137931,267.2877241379311,1776.048,1588.5128205128206,3072.0,4,0,12,6400.0
hot_standby,25,1025,1.0,0.0,156.94289655172415,285.0,3072.0,3072.0,4,12,0,0.0
trajectory_dynamic,25,1025,1.0,0.06896551724137931,267.2877241379311,1776.048,1746.051282051282,3072.0,4,0,12,6400.0
single_replica,26,1026,0.967391304347826,0.017241379310344827,148.33333333333334,285.0,1536.0,1536.0,0,0,0,0.0
cold_standby,26,1026,1.0,0.017241379310344827,180.23006896551726,285.0,1549.128205128205,3072.0,1,0,3,1600.0
hot_standby,26,1026,1.0,0.0,152.64386206896555,285.0,3072.0,3072.0,1,3,0,0.0
trajectory_dynamic,26,1026,1.0,0.017241379310344827,180.23006896551726,285.0,1706.6666666666667,3072.0,1,0,3,1600.0
single_replica,27,1027,1.0,0.0,150.68965517241378,285.0,1536.0,1536.0,0,0,0,0.0
cold_standby,27,1027,1.0,0.0,150.68965517241378,285.0,1536.0,1536.0,0,0,0,0.0
hot_standby,27,1027,1.0,0.0,150.68965517241378,285.0,3072.0,3072.0,0,0,0,0.0
trajectory_dynamic,27,1027,1.0,0.0,150.68965517241378,285.0,1693.5384615384614,3072.0,0,0,0,0.0
single_replica,28,1028,1.0,0.0,150.68965517241378,285.0,1536.0,1536.0,0,0,0,0.0
cold_standby,28,1028,1.0,0.0,150.68965517241378,285.0,1536.0,1536.0,0,0,0,0.0
hot_standby,28,1028,1.0,0.0,150.68965517241378,285.0,3072.0,3072.0,0,0,0,0.0
trajectory_dynamic,28,1028,1.0,0.0,150.68965517241378,285.0,1693.5384615384614,3072.0,0,0,0,0.0
single_replica,29,1029,0.9565217391304348,0.05172413793103448,152.0,285.0,1536.0,1536.0,0,0,0,0.0
cold_standby,29,1029,1.0,0.05172413793103448,237.8929655172414,508.5671999999979,1575.3846153846155,3072.0,3,0,9,4800.0
hot_standby,29,1029,1.0,0.0,155.1343448275862,285.0,3072.0,3072.0,3,9,0,0.0
trajectory_dynamic,29,1029,1.0,0.05172413793103448,237.8929655172414,508.5671999999979,1732.923076923077,3072.0,3,0,9,4800.0
