scenario_name,run_index,random_seed,request_success_rate,sla_violation_rate,average_successful_batch_delay_ms,p95_successful_batch_delay_ms,average_active_memory_mb,peak_active_memory_mb,cold_start_function_stages,total_cold_start_delay_ms,slow_decision_updates,slow_mode_switches,total_request_delay_cost,total_memory_cost,total_cold_start_cost,total_sla_penalty,total_slow_control_cost,total_system_cost
fixed_single,0,5000,0.8804347826086957,0.10344827586206896,147.98076923076923,285.0,1536.0,1536.0,0,0.0,1,0,7695.0,1797.1200000000001,0.0,30000.0,770.0,40262.12
fixed_cold,0,5000,0.967391304347826,0.10344827586206896,296.6067368421053,1775.448,1601.6410256410256,3072.0,15,8000.0,1,0,16906.584000000003,1873.92,1600.0,30000.0,770.0,51150.504
fixed_hot,0,5000,0.967391304347826,0.017241379310344827,156.25585964912278,285.0,3072.0,3072.0,0,0.0,1,0,8906.584,3594.2400000000002,0.0,5000.0,770.0,18270.824
fixed_dynamic,0,5000,0.967391304347826,0.10344827586206896,296.6067368421053,1775.448,1811.6923076923076,3072.0,15,8000.0,1,0,16906.584000000003,2119.68,1600.0,30000.0,770.0,51396.264
two_timescale,0,5000,0.967391304347826,0.08620689655172414,268.5365614035088,1775.448,2205.5384615384614,3072.0,12,6400.0,13,4,15306.583999999999,2580.48,1280.0,25000.0,1010.0,45177.064
fixed_single,1,5001,0.9456521739130435,0.06896551724137931,153.05555555555554,285.0,1536.0,1536.0,0,0.0,1,0,8265.0,1797.1200000000001,0.0,20000.0,770.0,30832.120000000003
fixed_cold,1,5001,1.0,0.06896551724137931,266.8662068965518,1775.448,1588.5128205128206,3072.0,12,6400.0,1,0,15478.240000000002,1858.56,1280.0,20000.0,770.0,39386.8
fixed_hot,1,5001,1.0,0.0,156.52137931034483,285.0,3072.0,3072.0,0,0.0,1,0,9078.24,3594.2400000000002,0.0,0.0,770.0,13442.48
fixed_dynamic,1,5001,1.0,0.06896551724137931,266.8662068965518,1775.448,1798.5641025641025,3072.0,12,6400.0,1,0,15478.240000000002,2104.32,1280.0,20000.0,770.0,39632.56
two_timescale,1,5001,1.0,0.017241379310344827,184.10758620689654,285.0,2166.153846153846,3072.0,3,1600.0,13,4,10678.240000000002,2534.4,320.0,5000.0,1010.0,19542.64
fixed_single,2,5002,0.8152173913043478,0.1724137931034483,148.4375,285.0,1536.0,1536.0,0,0.0,1,0,7125.0,1797.1200000000001,0.0,50000.0,770.0,59692.12
fixed_cold,2,5002,1.0,0.1724137931034483,442.6140689655173,1887.4959999999999,1667.2820512820513,3072.0,30,16000.0,1,0,25671.616,1950.72,3200.0,50000.0,770.0,81592.33600000001
fixed_hot,2,5002,1.0,0.0,166.752,287.496,3072.0,3072.0,0,0.0,1,0,9671.616,3594.2400000000002,0.0,0.0,770.0,14035.856
fixed_dynamic,2,5002,1.0,0.1724137931034483,442.6140689655173,1887.4959999999999,1877.3333333333333,3072.0,30,16000.0,1,0,25671.616,2196.48,3200.0,50000.0,770.0,81838.096
two_timescale,2,5002,1.0,0.08620689655172414,304.68303448275867,1779.448,2218.6666666666665,3072.0,15,8000.0,13,4,17671.615999999998,2595.84,1600.0,25000.0,1010.0,47877.456
fixed_single,3,5003,0.9456521739130435,0.034482758620689655,147.58928571428572,285.0,1536.0,1536.0,0,0.0,1,0,8265.0,1797.1200000000001,0.0,10000.0,770.0,20832.120000000003
fixed_cold,3,5003,0.967391304347826,0.034482758620689655,178.10343859649123,285.0,1549.128205128205,3072.0,3,1600.0,1,0,10151.896,1812.48,320.0,10000.0,770.0,23054.376
fixed_hot,3,5003,0.967391304347826,0.017241379310344827,150.03326315789474,285.0,3072.0,3072.0,0,0.0,1,0,8551.896,3594.2400000000002,0.0,5000.0,770.0,17916.136
fixed_dynamic,3,5003,0.967391304347826,0.034482758620689655,178.10343859649123,285.0,1759.179487179487,3072.0,3,1600.0,1,0,10151.896,2058.2400000000002,320.0,10000.0,770.0,23300.136
two_timescale,3,5003,0.967391304347826,0.034482758620689655,178.10343859649123,285.0,2166.153846153846,3072.0,3,1600.0,13,4,10151.896,2534.4,320.0,10000.0,1010.0,24016.296000000002
fixed_single,4,5004,0.9130434782608695,0.08620689655172414,150.56603773584905,285.0,1536.0,1536.0,0,0.0,1,0,7980.0,1797.1200000000001,0.0,25000.0,770.0,35547.12
fixed_cold,4,5004,1.0,0.08620689655172414,296.4066206896552,1775.448,1601.6410256410256,3072.0,15,8000.0,1,0,17191.584000000003,1873.92,1600.0,25000.0,770.0,46435.504
fixed_hot,4,5004,1.0,0.0,158.47558620689657,285.0,3072.0,3072.0,0,0.0,1,0,9191.584,3594.2400000000002,0.0,0.0,770.0,13555.824
fixed_dynamic,4,5004,1.0,0.06896551724137931,268.82041379310346,1775.448,1798.5641025641025,3072.0,12,6400.0,1,0,15591.584,2104.32,1280.0,20000.0,770.0,39745.904
two_timescale,4,5004,1.0,0.05172413793103448,241.2342068965517,604.909599999998,2192.4102564102564,3072.0,9,4800.0,13,4,13991.584,2565.12,960.0,15000.0,1010.0,33526.704
fixed_single,5,5005,0.9456521739130435,0.06896551724137931,153.05555555555554,285.0,1536.0,1536.0,0,0.0,1,0,8265.0,1797.1200000000001,0.0,20000.0,770.0,30832.120000000003
fixed_cold,5,5005,0.9891304347826086,0.06896551724137931,240.39985964912282,583.0895999999937,1575.3846153846155,3072.0,9,4800.0,1,0,13702.792000000001,1843.2,960.0,20000.0,770.0,37275.992
fixed_hot,5,5005,0.9891304347826086,0.017241379310344827,156.18933333333334,285.0,3072.0,3072.0,0,0.0,1,0,8902.792,3594.2400000000002,0.0,5000.0,770.0,18267.032
fixed_dynamic,5,5005,0.9891304347826086,0.034482758620689655,184.25950877192986,285.0,1759.179487179487,3072.0,3,1600.0,1,0,10502.792000000001,2058.2400000000002,320.0,10000.0,770.0,23651.032
two_timescale,5,5005,0.9891304347826086,0.034482758620689655,184.25950877192986,285.0,2166.153846153846,3072.0,3,1600.0,13,4,10502.792000000001,2534.4,320.0,10000.0,1010.0,24367.192000000003
fixed_single,6,5006,0.8804347826086957,0.08620689655172414,145.18867924528303,285.0,1536.0,1536.0,0,0.0,1,0,7695.0,1797.1200000000001,0.0,25000.0,770.0,35262.12
fixed_cold,6,5006,1.0,0.08620689655172414,297.25737931034485,1808.8823999999997,1601.6410256410256,3072.0,15,8000.0,1,0,17240.928000000004,1873.92,1600.0,25000.0,770.0,46484.848000000005
fixed_hot,6,5006,1.0,0.0,159.3263448275862,302.0015999999998,3072.0,3072.0,0,0.0,1,0,9240.927999999998,3594.2400000000002,0.0,0.0,770.0,13605.167999999998
fixed_dynamic,6,5006,1.0,0.08620689655172414,297.25737931034485,1808.8823999999997,1811.6923076923076,3072.0,15,8000.0,1,0,17240.928000000004,2119.68,1600.0,25000.0,770.0,46730.60800000001
two_timescale,6,5006,1.0,0.034482758620689655,214.49875862068964,398.344,2179.2820512820513,3072.0,6,3200.0,13,4,12440.927999999998,2549.76,640.0,10000.0,1010.0,26640.688
fixed_single,7,5007,0.9239130434782609,0.08620689655172414,152.35849056603774,285.0,1536.0,1536.0,0,0.0,1,0,8075.0,1797.1200000000001,0.0,25000.0,770.0,35642.12
fixed_cold,7,5007,1.0,0.08620689655172414,296.12303448275867,1775.448,1601.6410256410256,3072.0,15,8000.0,1,0,17175.136,1873.92,1600.0,25000.0,770.0,46419.056
fixed_hot,7,5007,1.0,0.0,158.192,285.0,3072.0,3072.0,0,0.0,1,0,9175.136,3594.2400000000002,0.0,0.0,770.0,13539.376
fixed_dynamic,7,5007,1.0,0.08620689655172414,296.12303448275867,1775.448,1811.6923076923076,3072.0,15,8000.0,1,0,17175.136,2119.68,1600.0,25000.0,770.0,46664.816
two_timescale,7,5007,1.0,0.034482758620689655,213.36441379310347,302.0015999999998,2179.2820512820513,3072.0,6,3200.0,13,4,12375.136000000002,2549.76,640.0,10000.0,1010.0,26574.896
fixed_single,8,5008,0.9456521739130435,0.06896551724137931,153.05555555555554,285.0,1536.0,1536.0,0,0.0,1,0,8265.0,1797.1200000000001,0.0,20000.0,770.0,30832.120000000003
fixed_cold,8,5008,1.0,0.06896551724137931,266.8662068965518,1775.448,1588.5128205128206,3072.0,12,6400.0,1,0,15478.240000000002,1858.56,1280.0,20000.0,770.0,39386.8
fixed_hot,8,5008,1.0,0.0,156.52137931034483,285.0,3072.0,3072.0,0,0.0,1,0,9078.240000000002,3594.2400000000002,0.0,0.0,770.0,13442.480000000001
fixed_dynamic,8,5008,1.0,0.06896551724137931,266.8662068965518,1775.448,1798.5641025641025,3072.0,12,6400.0,1,0,15478.240000000002,2104.32,1280.0,20000.0,770.0,39632.56
two_timescale,8,5008,1.0,0.034482758620689655,211.69379310344831,285.2844,2179.2820512820513,3072.0,6,3200.0,13,4,12278.240000000002,2549.76,640.0,10000.0,1010.0,26478.0
fixed_single,9,5009,0.9347826086956522,0.06896551724137931,151.2962962962963,285.0,1536.0,1536.0,0,0.0,1,0,8170.0,1797.1200000000001,0.0,20000.0,770.0,30737.120000000003
fixed_cold,9,5009,0.9782608695652174,0.06896551724137931,238.73319298245616,583.0895999999937,1575.3846153846155,3072.0,9,4800.0,1,0,13607.792000000001,1843.2,960.0,20000.0,770.0,37180.992
fixed_hot,9,5009,0.9782608695652174,0.017241379310344827,154.52266666666665,285.0,3072.0,3072.0,0,0.0,1,0,8807.792000000001,3594.2400000000002,0.0,5000.0,770.0,18172.032
fixed_dynamic,9,5009,0.9782608695652174,0.05172413793103448,210.66301754385967,285.0,1772.3076923076924,3072.0,6,3200.0,1,0,12007.792000000001,2073.6,640.0,15000.0,770.0,30491.392
two_timescale,9,5009,0.9782608695652174,0.05172413793103448,210.66301754385967,285.0,2179.2820512820513,3072.0,6,3200.0,13,4,12007.792000000001,2549.76,640.0,15000.0,1010.0,31207.552000000003
fixed_single,10,5010,0.9347826086956522,0.05172413793103448,148.54545454545453,285.0,1536.0,1536.0,0,0.0,1,0,8170.0,1797.1200000000001,0.0,15000.0,770.0,25737.120000000003
fixed_cold,10,5010,0.9565217391304348,0.05172413793103448,179.58742857142857,285.0,1549.128205128205,3072.0,3,1600.0,1,0,10056.896,1812.48,320.0,15000.0,770.0,27959.376
fixed_hot,10,5010,0.9565217391304348,0.034482758620689655,151.01600000000002,285.0,3072.0,3072.0,0,0.0,1,0,8456.896,3594.2400000000002,0.0,10000.0,770.0,22821.136
fixed_dynamic,10,5010,0.9565217391304348,0.05172413793103448,179.58742857142857,285.0,1759.179487179487,3072.0,3,1600.0,1,0,10056.896,2058.2400000000002,320.0,15000.0,770.0,28205.136
two_timescale,10,5010,0.9565217391304348,0.05172413793103448,179.58742857142857,285.0,2166.153846153846,3072.0,3,1600.0,13,4,10056.896,2534.4,320.0,15000.0,1010.0,28921.296000000002
fixed_single,11,5011,0.9565217391304348,0.05172413793103448,152.0,285.0,1536.0,1536.0,0,0.0,1,0,8360.0,1797.1200000000001,0.0,15000.0,770.0,25927.120000000003
fixed_cold,11,5011,1.0,0.05172413793103448,237.8929655172414,508.5671999999979,1575.3846153846155,3072.0,9,4800.0,1,0,13797.792000000001,1843.2,960.0,15000.0,770.0,32370.992000000002
fixed_hot,11,5011,1.0,0.0,155.1343448275862,285.0,3072.0,3072.0,0,0.0,1,0,8997.792,3594.2400000000002,0.0,0.0,770.0,13362.032
fixed_dynamic,11,5011,1.0,0.05172413793103448,237.8929655172414,508.5671999999979,1785.4358974358975,3072.0,9,4800.0,1,0,13797.792000000001,2088.96,960.0,15000.0,770.0,32616.752
two_timescale,11,5011,1.0,0.017241379310344827,182.72055172413795,285.0,2166.153846153846,3072.0,3,1600.0,13,4,10597.792000000001,2534.4,320.0,5000.0,1010.0,19462.192000000003
fixed_single,12,5012,0.8804347826086957,0.10344827586206896,147.98076923076923,285.0,1536.0,1536.0,0,0.0,1,0,7695.0,1797.1200000000001,0.0,30000.0,770.0,40262.12
fixed_cold,12,5012,1.0,0.10344827586206896,325.9470344827586,1792.1652,1614.7692307692307,3072.0,18,9600.0,1,0,18904.928000000004,1889.28,1920.0,30000.0,770.0,53484.208
fixed_hot,12,5012,1.0,0.0,160.42979310344828,285.2844,3072.0,3072.0,0,0.0,1,0,9304.928,3594.2400000000002,0.0,0.0,770.0,13669.168
fixed_dynamic,12,5012,1.0,0.08620689655172414,298.3608275862069,1792.1652,1811.6923076923076,3072.0,15,8000.0,1,0,17304.928000000004,2119.68,1600.0,25000.0,770.0,46794.60800000001
two_timescale,12,5012,1.0,0.017241379310344827,188.016,303.61319999999984,2166.153846153846,3072.0,3,1600.0,13,4,10904.928,2534.4,320.0,5000.0,1010.0,19769.328
fixed_single,13,5013,0.9347826086956522,0.06896551724137931,151.2962962962963,285.0,1536.0,1536.0,0,0.0,1,0,8170.0,1797.1200000000001,0.0,20000.0,770.0,30737.120000000003
fixed_cold,13,5013,1.0,0.06896551724137931,267.1497931034483,1775.448,1588.5128205128206,3072.0,12,6400.0,1,0,15494.688,1858.56,1280.0,20000.0,770.0,39403.248
fixed_hot,13,5013,1.0,0.0,156.80496551724138,285.0,3072.0,3072.0,0,0.0,1,0,9094.688,3594.2400000000002,0.0,0.0,770.0,13458.928
fixed_dynamic,13,5013,1.0,0.05172413793103448,239.5635862068966,508.5671999999979,1785.4358974358975,3072.0,9,4800.0,1,0,13894.688,2088.96,960.0,15000.0,770.0,32713.648
two_timescale,13,5013,1.0,0.017241379310344827,184.3911724137931,285.0,2166.153846153846,3072.0,3,1600.0,13,4,10694.688,2534.4,320.0,5000.0,1010.0,19559.088
fixed_single,14,5014,0.9782608695652174,0.034482758620689655,152.67857142857142,285.0,1536.0,1536.0,0,0.0,1,0,8550.0,1797.1200000000001,0.0,10000.0,770.0,21117.120000000003
fixed_cold,14,5014,1.0,0.034482758620689655,208.63613793103448,285.0,1562.2564102564102,3072.0,6,3200.0,1,0,12100.896,1827.8400000000001,640.0,10000.0,770.0,25338.736
fixed_hot,14,5014,1.0,0.0,153.46372413793105,285.0,3072.0,3072.0,0,0.0,1,0,8900.896,3594.2400000000002,0.0,0.0,770.0,13265.136
fixed_dynamic,14,5014,1.0,0.034482758620689655,208.63613793103448,285.0,1772.3076923076924,3072.0,6,3200.0,1,0,12100.896,2073.6,640.0,10000.0,770.0,25584.496
two_timescale,14,5014,1.0,0.0,153.46372413793105,285.0,2153.025641025641,3072.0,0,0.0,13,4,8900.896,2519.04,0.0,0.0,1010.0,12429.936000000002
fixed_single,15,5015,0.9347826086956522,0.05172413793103448,148.54545454545453,285.0,1536.0,1536.0,0,0.0,1,0,8170.0,1797.1200000000001,0.0,15000.0,770.0,25737.120000000003
fixed_cold,15,5015,0.9456521739130435,0.05172413793103448,177.59728571428573,285.0,1549.128205128205,3072.0,3,1600.0,1,0,9945.448,1812.48,320.0,15000.0,770.0,27847.928
fixed_hot,15,5015,0.9456521739130435,0.034482758620689655,149.02585714285715,285.0,3072.0,3072.0,0,0.0,1,0,8345.448,3594.2400000000002,0.0,10000.0,770.0,22709.688000000002
fixed_dynamic,15,5015,0.9456521739130435,0.05172413793103448,177.59728571428573,285.0,1759.179487179487,3072.0,3,1600.0,1,0,9945.448,2058.2400000000002,320.0,15000.0,770.0,28093.688000000002
two_timescale,15,5015,0.9456521739130435,0.05172413793103448,177.59728571428573,285.0,2166.153846153846,3072.0,3,1600.0,13,4,9945.448,2534.4,320.0,15000.0,1010.0,28809.847999999998
fixed_single,16,5016,0.9021739130434783,0.10344827586206896,151.6346153846154,285.0,1536.0,1536.0,0,0.0,1,0,7885.0,1797.1200000000001,0.0,30000.0,770.0,40452.12
fixed_cold,16,5016,0.9891304347826086,0.10344827586206896,299.9400701754386,1775.448,1601.6410256410256,3072.0,15,8000.0,1,0,17096.584000000003,1873.92,1600.0,30000.0,770.0,51340.504
fixed_hot,16,5016,0.9891304347826086,0.017241379310344827,159.58919298245613,285.0,3072.0,3072.0,0,0.0,1,0,9096.584,3594.2400000000002,0.0,5000.0,770.0,18460.824
fixed_dynamic,16,5016,0.9891304347826086,0.08620689655172414,271.8698947368421,1775.448,1798.5641025641025,3072.0,12,6400.0,1,0,15496.583999999999,2104.32,1280.0,25000.0,770.0,44650.903999999995
two_timescale,16,5016,0.9891304347826086,0.05172413793103448,215.7295438596491,307.6687999999995,2179.2820512820513,3072.0,6,3200.0,13,4,12296.583999999999,2549.76,640.0,15000.0,1010.0,31496.343999999997
fixed_single,17,5017,0.967391304347826,0.034482758620689655,150.98214285714286,285.0,1536.0,1536.0,0,0.0,1,0,8455.0,1797.1200000000001,0.0,10000.0,770.0,21022.120000000003
fixed_cold,17,5017,1.0,0.034482758620689655,208.91972413793104,285.0,1562.2564102564102,3072.0,6,3200.0,1,0,12117.344000000001,1827.8400000000001,640.0,10000.0,770.0,25355.184
fixed_hot,17,5017,1.0,0.0,153.7473103448276,285.0,3072.0,3072.0,0,0.0,1,0,8917.344000000001,3594.2400000000002,0.0,0.0,770.0,13281.584
fixed_dynamic,17,5017,1.0,0.034482758620689655,208.91972413793104,285.0,1772.3076923076924,3072.0,6,3200.0,1,0,12117.344000000001,2073.6,640.0,10000.0,770.0,25600.944000000003
two_timescale,17,5017,1.0,0.017241379310344827,181.33351724137933,285.0,2166.153846153846,3072.0,3,1600.0,13,4,10517.344000000001,2534.4,320.0,5000.0,1010.0,19381.744
fixed_single,18,5018,0.967391304347826,0.017241379310344827,148.33333333333334,285.0,1536.0,1536.0,0,0.0,1,0,8455.0,1797.1200000000001,0.0,5000.0,770.0,16022.12
fixed_cold,18,5018,1.0,0.017241379310344827,180.23006896551726,285.0,1549.128205128205,3072.0,3,1600.0,1,0,10453.344000000001,1812.48,320.0,5000.0,770.0,18355.824
fixed_hot,18,5018,1.0,0.0,152.64386206896555,285.0,3072.0,3072.0,0,0.0,1,0,8853.344000000001,3594.2400000000002,0.0,0.0,770.0,13217.584
fixed_dynamic,18,5018,1.0,0.017241379310344827,180.23006896551726,285.0,1759.179487179487,3072.0,3,1600.0,1,0,10453.344000000001,2058.2400000000002,320.0,5000.0,770.0,18601.584000000003
two_timescale,18,5018,1.0,0.0,152.64386206896555,285.0,2153.025641025641,3072.0,0,0.0,13,4,8853.344000000001,2519.04,0.0,0.0,1010.0,12382.384000000002
fixed_single,19,5019,0.9565217391304348,0.05172413793103448,152.0,285.0,1536.0,1536.0,0,0.0,1,0,8360.0,1797.1200000000001,0.0,15000.0,770.0,25927.120000000003
fixed_cold,19,5019,1.0,0.05172413793103448,237.8929655172414,508.5671999999979,1575.3846153846155,3072.0,9,4800.0,1,0,13797.792000000001,1843.2,960.0,15000.0,770.0,32370.992000000002
fixed_hot,19,5019,1.0,0.0,155.13434482758623,285.0,3072.0,3072.0,0,0.0,1,0,8997.792000000001,3594.2400000000002,0.0,0.0,770.0,13362.032000000001
fixed_dynamic,19,5019,1.0,0.034482758620689655,210.30675862068966,285.0,1772.3076923076924,3072.0,6,3200.0,1,0,12197.792000000001,2073.6,640.0,10000.0,770.0,25681.392
two_timescale,19,5019,1.0,0.0,155.13434482758623,285.0,2153.025641025641,3072.0,0,0.0,13,4,8997.792000000001,2519.04,0.0,0.0,1010.0,12526.832000000002
fixed_single,20,5020,0.9347826086956522,0.06896551724137931,151.2962962962963,285.0,1536.0,1536.0,0,0.0,1,0,8170.0,1797.1200000000001,0.0,20000.0,770.0,30737.120000000003
fixed_cold,20,5020,1.0,0.06896551724137931,267.1497931034483,1775.448,1588.5128205128206,3072.0,12,6400.0,1,0,15494.688,1858.56,1280.0,20000.0,770.0,39403.248
fixed_hot,20,5020,1.0,0.0,156.80496551724136,285.0,3072.0,3072.0,0,0.0,1,0,9094.688,3594.2400000000002,0.0,0.0,770.0,13458.928
fixed_dynamic,20,5020,1.0,0.06896551724137931,267.1497931034483,1775.448,1798.5641025641025,3072.0,12,6400.0,1,0,15494.688,2104.32,1280.0,20000.0,770.0,39649.008
two_timescale,20,5020,1.0,0.017241379310344827,184.3911724137931,285.2844,2166.153846153846,3072.0,3,1600.0,13,4,10694.688000000002,2534.4,320.0,5000.0,1010.0,19559.088000000003
fixed_single,21,5021,0.967391304347826,0.017241379310344827,148.33333333333334,285.0,1536.0,1536.0,0,0.0,1,0,8455.0,1797.1200000000001,0.0,5000.0,770.0,16022.12
fixed_cold,21,5021,1.0,0.017241379310344827,180.23006896551726,285.0,1549.128205128205,3072.0,3,1600.0,1,0,10453.344000000001,1812.48,320.0,5000.0,770.0,18355.824
fixed_hot,21,5021,1.0,0.0,152.64386206896555,285.0,3072.0,3072.0,0,0.0,1,0,8853.344000000001,3594.2400000000002,0.0,0.0,770.0,13217.584
fixed_dynamic,21,5021,1.0,0.017241379310344827,180.23006896551726,285.0,1759.179487179487,3072.0,3,1600.0,1,0,10453.344000000001,2058.2400000000002,320.0,5000.0,770.0,18601.584000000003
two_timescale,21,5021,1.0,0.0,152.64386206896555,285.0,2153.025641025641,3072.0,0,0.0,13,4,8853.344000000001,2519.04,0.0,0.0,1010.0,12382.384000000002
fixed_single,22,5022,0.9239130434782609,0.08620689655172414,152.35849056603774,285.0,1536.0,1536.0,0,0.0,1,0,8075.0,1797.1200000000001,0.0,25000.0,770.0,35642.12
fixed_cold,22,5022,1.0,0.08620689655172414,296.12303448275867,1775.448,1601.6410256410256,3072.0,15,8000.0,1,0,17175.136000000002,1873.92,1600.0,25000.0,770.0,46419.056000000004
fixed_hot,22,5022,1.0,0.0,158.19199999999998,285.0,3072.0,3072.0,0,0.0,1,0,9175.136,3594.2400000000002,0.0,0.0,770.0,13539.376
fixed_dynamic,22,5022,1.0,0.08620689655172414,296.12303448275867,1775.448,1811.6923076923076,3072.0,15,8000.0,1,0,17175.136000000002,2119.68,1600.0,25000.0,770.0,46664.816000000006
two_timescale,22,5022,1.0,0.034482758620689655,213.36441379310347,286.896,2179.2820512820513,3072.0,6,3200.0,13,4,12375.136000000002,2549.76,640.0,10000.0,1010.0,26574.896
fixed_single,23,5023,0.9130434782608695,0.08620689655172414,150.56603773584905,285.0,1536.0,1536.0,0,0.0,1,0,7980.0,1797.1200000000001,0.0,25000.0,770.0,35547.12
fixed_cold,23,5023,1.0,0.08620689655172414,296.4066206896552,1775.448,1601.6410256410256,3072.0,15,8000.0,1,0,17191.584000000003,1873.92,1600.0,25000.0,770.0,46435.504
fixed_hot,23,5023,1.0,0.0,158.47558620689654,285.0,3072.0,3072.0,0,0.0,1,0,9191.584,3594.2400000000002,0.0,0.0,770.0,13555.824
fixed_dynamic,23,5023,1.0,0.06896551724137931,268.8204137931035,1775.448,1798.5641025641025,3072.0,12,6400.0,1,0,15591.584000000003,2104.32,1280.0,20000.0,770.0,39745.904
two_timescale,23,5023,1.0,0.0,158.47558620689654,285.0,2153.025641025641,3072.0,0,0.0,13,4,9191.584,2519.04,0.0,0.0,1010.0,12720.624
fixed_single,24,5024,0.8152173913043478,0.1896551724137931,151.59574468085106,285.0,1536.0,1536.0,0,0.0,1,0,7125.0,1797.1200000000001,0.0,55000.0,770.0,64692.12
fixed_cold,24,5024,1.0,0.1896551724137931,471.0968275862069,1886.896,1680.4102564102564,3072.0,33,17600.0,1,0,27323.616,1966.08,3520.0,55000.0,770.0,88579.696
fixed_hot,24,5024,1.0,0.0,167.64855172413792,286.896,3072.0,3072.0,0,0.0,1,0,9723.616,3594.2400000000002,0.0,0.0,770.0,14087.856
fixed_dynamic,24,5024,1.0,0.1724137931034483,443.5106206896552,1886.896,1877.3333333333333,3072.0,30,16000.0,1,0,25723.616,2196.48,3200.0,50000.0,770.0,81890.096
two_timescale,24,5024,1.0,0.06896551724137931,277.99337931034484,1775.448,2205.5384615384614,3072.0,12,6400.0,13,4,16123.616000000002,2580.48,1280.0,20000.0,1010.0,40994.096000000005
fixed_single,25,5025,0.9021739130434783,0.08620689655172414,148.77358490566039,285.0,1536.0,1536.0,0,0.0,1,0,7885.0,1797.1200000000001,0.0,25000.0,770.0,35452.12
fixed_cold,25,5025,1.0,0.08620689655172414,296.75917241379307,1776.048,1601.6410256410256,3072.0,15,8000.0,1,0,17212.032000000003,1873.92,1600.0,25000.0,770.0,46455.952000000005
fixed_hot,25,5025,1.0,0.0,158.8281379310345,285.0,3072.0,3072.0,0,0.0,1,0,9212.032,3594.2400000000002,0.0,0.0,770.0,13576.271999999999
fixed_dynamic,25,5025,1.0,0.06896551724137931,269.1729655172414,1776.048,1798.5641025641025,3072.0,12,6400.0,1,0,15612.032000000003,2104.32,1280.0,20000.0,770.0,39766.352
two_timescale,25,5025,1.0,0.017241379310344827,186.41434482758623,302.0015999999998,2166.153846153846,3072.0,3,1600.0,13,4,10812.032000000001,2534.4,320.0,5000.0,1010.0,19676.432
fixed_single,26,5026,0.9782608695652174,0.034482758620689655,152.67857142857142,285.0,1536.0,1536.0,0,0.0,1,0,8550.0,1797.1200000000001,0.0,10000.0,770.0,21117.120000000003
fixed_cold,26,5026,1.0,0.034482758620689655,208.63613793103448,285.0,1562.2564102564102,3072.0,6,3200.0,1,0,12100.896,1827.8400000000001,640.0,10000.0,770.0,25338.736
fixed_hot,26,5026,1.0,0.0,153.46372413793105,285.0,3072.0,3072.0,0,0.0,1,0,8900.896,3594.2400000000002,0.0,0.0,770.0,13265.136
fixed_dynamic,26,5026,1.0,0.034482758620689655,208.63613793103448,285.0,1772.3076923076924,3072.0,6,3200.0,1,0,12100.896,2073.6,640.0,10000.0,770.0,25584.496
two_timescale,26,5026,1.0,0.017241379310344827,181.04993103448277,285.0,2166.153846153846,3072.0,3,1600.0,13,4,10500.896,2534.4,320.0,5000.0,1010.0,19365.296000000002
fixed_single,27,5027,0.9456521739130435,0.06896551724137931,153.05555555555554,285.0,1536.0,1536.0,0,0.0,1,0,8265.0,1797.1200000000001,0.0,20000.0,770.0,30832.120000000003
fixed_cold,27,5027,1.0,0.06896551724137931,266.9351724137931,1775.448,1588.5128205128206,3072.0,12,6400.0,1,0,15482.24,1858.56,1280.0,20000.0,770.0,39390.8
fixed_hot,27,5027,1.0,0.0,156.5903448275862,285.0,3072.0,3072.0,0,0.0,1,0,9082.24,3594.2400000000002,0.0,0.0,770.0,13446.48
fixed_dynamic,27,5027,1.0,0.034482758620689655,211.76275862068965,285.88439999999997,1772.3076923076924,3072.0,6,3200.0,1,0,12282.240000000002,2073.6,640.0,10000.0,770.0,25765.840000000004
two_timescale,27,5027,1.0,0.0,156.5903448275862,285.0,2153.025641025641,3072.0,0,0.0,13,4,9082.24,2519.04,0.0,0.0,1010.0,12611.279999999999
fixed_single,28,5028,0.8586956521739131,0.1206896551724138,147.15686274509804,285.0,1536.0,1536.0,0,0.0,1,0,7505.0,1797.1200000000001,0.0,35000.0,770.0,45072.12
fixed_cold,28,5028,0.9565217391304348,0.1206896551724138,300.5005714285714,1803.31,1601.6410256410256,3072.0,15,8000.0,1,0,16828.032,1873.92,1600.0,35000.0,770.0,56071.952
fixed_hot,28,5028,0.9565217391304348,0.034482758620689655,157.64342857142856,285.474,3072.0,3072.0,0,0.0,1,0,8828.032,3594.2400000000002,0.0,10000.0,770.0,23192.271999999997
fixed_dynamic,28,5028,0.9565217391304348,0.10344827586206896,271.92914285714284,1803.31,1798.5641025641025,3072.0,12,6400.0,1,0,15228.032000000001,2104.32,1280.0,30000.0,770.0,49382.352
two_timescale,28,5028,0.9565217391304348,0.08620689655172414,243.35771428571428,742.62,2192.4102564102564,3072.0,9,4800.0,13,4,13628.032000000001,2565.12,960.0,25000.0,1010.0,43163.152
fixed_single,29,5029,0.9782608695652174,0.034482758620689655,152.67857142857142,285.0,1536.0,1536.0,0,0.0,1,0,8550.0,1797.1200000000001,0.0,10000.0,770.0,21117.120000000003
fixed_cold,29,5029,1.0,0.034482758620689655,208.70510344827588,285.0,1562.2564102564102,3072.0,6,3200.0,1,0,12104.896,1827.8400000000001,640.0,10000.0,770.0,25342.736
fixed_hot,29,5029,1.0,0.0,153.53268965517242,285.0,3072.0,3072.0,0,0.0,1,0,8904.896,3594.2400000000002,0.0,0.0,770.0,13269.136
fixed_dynamic,29,5029,1.0,0.034482758620689655,208.70510344827588,285.0,1772.3076923076924,3072.0,6,3200.0,1,0,12104.896,2073.6,640.0,10000.0,770.0,25588.496
two_timescale,29,5029,1.0,0.017241379310344827,181.11889655172416,285.0,2166.153846153846,3072.0,3,1600.0,13,4,10504.896,2534.4,320.0,5000.0,1010.0,19369.296000000002
